Restaurant Name,Restaurant ID,Address,Category,Price,Ratings,,,,,,,,,,,
108 Food Dried Hot Pot,r1,2794 Broadway_New York_ NY 10025_,1,2,4,,,,,,,,,,,
21 Greenpoint,r2,21 Greenpoint Ave_Brooklyn_ NY 11222_,2; 3,3,4.5,,,,,,,,,,,
33 Greenwich,r3,33 Greenwich Ave_New York_ NY 10014_,2,3,4.5,,,,,,,,,,,
44 & X Hell's Kitchen,r4,622 10th Ave_New York_ NY 10036_,2; 4; 5,3,3.5,,,,,,,,,,,
49 Monroe,r5,49 Monroe St_New York_ NY 10002_,6; 7; 5,2,4.5,,,,,,,,,,,
83 1/2,r6,345 E 83rd St_New York_ NY 10028_,7,3,4,,,,,,,,,,,
8th Wonder Juice Bar,r7,370 2nd Ave,7,1,4.5,,,,,,,,,,,
ABA Turkish Restaurant,r8,325 W 57th St_New York_ NY 10019_,8,2,4,,,,,,,,,,,
ABC Cocina,r9,38 E 19th St_New York_ NY 10003_,15,3,4,,,,,,,,,,,
ABC Kitchen,r10,35 E 18th St_New York_ NY 10003_,2;,3,4,,,,,,,,,,,
ABCV,r11,38 E 19th St_New York_ NY 10003_,2; 7; 5,3,4,,,,,,,,,,,
Adella,r13,410 W 43rd St_New York_ NY 10036_,2; 5,2,4,,,,,,,,,,,
Adrienne's Pizzabar,r14,54 Stone St_New York_ NY 10004_,7; 5,2,4,,,,,,,,,,,
Agora Turkish Restaurant,r15,1565 2nd Ave_New York_ NY 10028_,8,2,4.5,,,,,,,,,,,
Ai Fiori,r16,400 5th Ave_2nd level_New York_ NY 10018_,7,4,4,,,,,,,,,,,
Ajisai Japanese Fusion,r17,795 Lexington Ave_New York_ NY 10065_,9,2,3.5,,,,,,,,,,,
Ako,r18,205 Bedford Ave,9,2,4,,,,,,,,,,,
Albion,r19,575 2nd Ave_New York_ NY 10016_,5,1,4.5,,,,,,,,,,,
Allora Ristorante,r20,145 E 47th St_New York_ NY 10017_,7,3,4.5,,,,,,,,,,,
Almayass Restaurant NYC,r21,24 E 21st St_New York_ NY 10010_,8,3,4.5,,,,,,,,,,,
Almond,r22,12 E 22nd St_New York_ NY 10010_,2,2,3.5,,,,,,,,,,,
Alphabet City Beer Company,r23,96 Ave C_New York_ NY 10009_,5,2,4.5,,,,,,,,,,,
Amada,r24,250 Vesey St_New York_ NY 10281_,1,3,3.5,,,,,,,,,,,
Amali,r25,115 E 60th St_New York_ NY 10022_,8,3,4,,,,,,,,,,,
Amelie Wine Bar,r26,22 W 8th St_New York_ NY 10011_,6; 5,2,4.5,,,,,,,,,,,
Amused,r27,142 W 83rd St_New York_ NY 10024_,2,2,4,,,,,,,,,,,
An'Nam,r28,234 W 48th St_New York_ NY 10036_,9,2,4,,,,,,,,,,,
Anella,r29,222 Franklin St_Brooklyn_ NY 11222_,2,2,4,,,,,,,,,,,
Angela's Montana Table,r30,1750 2nd Ave_New York_ NY 10128_,2; 7,2,4,,,,,,,,,,,
Angkor Cambodian Bistro,r31,408 E 64th St_New York_ NY 10065_,3; 9; 7,2,4.5,,,,,,,,,,,
Annabel,r32,809 9th Ave_New York_ NY 10019_,2; 5,2,4,,,,,,,,,,,
Antica Ristorante,r33,8 Stone St_New York_ NY 10004_,7,3,4.5,,,,,,,,,,,
Antique Garage Tribeca,r34,313 Church St_New York_ NY 10013_,8,3,4,,,,,,,,,,,
AOC East,r35,1590 1st Ave_New York_ NY 10028_,6; 5,2,4,,,,,,,,,,,
Aquagrill,r36,210 Spring St_New York_ NY 10012_,2,3,4,,,,,,,,,,,
Aretsky's Patroon,r37,160 E 46th St_New York_ NY 10017_,0; 5,3,4,,,,,,,,,,,
Aroqa,r38,206 9th Ave_New York_ NY 10011_,13,3,5,,,,,,,,,,,
Asian Spicy Curry Pop-up,r39,46 Mulberry St_New York_ NY 10013_,9,1,4.5,,,,,,,,,,,
Asiate,r40,80 Columbus Cir_Fl 35_New York_ NY 10023_,2,4,4,,,,,,,,,,,
Atera,r41,77 Worth St_New York_ NY 10013_,0,4,4.5,,,,,,,,,,,
Atlantic Grill,r42,49 W 64th St_New York_ NY 10023_,3,3,4,,,,,,,,,,,
Atoboy,r43,43 E 28th St_New York_ NY 10016_,10,3,4,,,,,,,,,,,
Atrium Dumbo,r44,15 Main St_Brooklyn_ NY 11201_,0,2,4,,,,,,,,,,,
Augustine,r45,5 Beekman St_New York_ NY 10038_,6,3,4,,,,,,,,,,,
Aunt Jake's,r46,151 Mulberry St_New York_ NY 10013_,7,2,4,,,,,,,,,,,
Aureole,r47,135 W 42nd St_New York_ NY 10036_,2,4,4,,,,,,,,,,,
Aurora Soho,r48,510 Broome St_New York_ NY 10013_,7,3,4,,,,,,,,,,,
Avena,r49,141 E 57th St_New York_ NY 10022_,7,3,5,,,,,,,,,,,
Azul On the Rooftop,r50,525 Greenwich St_New York_ NY 10013_,5,3,3,,,,,,,,,,,
B Flat,r51,277 Church St_New York_ NY 10013_,18; 5,2,4,,,,,,,,,,,
B Side Pizza & Wine Bar,r52,370 W 51st St_New York_ NY 10019_,7; 5,2,4.5,,,,,,,,,,,
B Squared,r53,679 9th Ave_New York_ NY 10036_,7,2,4.5,,,,,,,,,,,
B&B Winepub,r54,25 W Houston St_New York_ NY 10012_,2; 4,2,3.5,,,,,,,,,,,
B2 Harlem,r55,271 W 119th St_New York_ NY 10026_,3; 5,2,4.5,,,,,,,,,,,
Babbo,r56,110 Waverly Pl_New York_ NY 10011_,7,4,4,,,,,,,,,,,
Baby Brasa,r57,173 7th Ave S_New York_ NY 10014_,15,2,4,,,,,,,,,,,
Balade - Your Way,r58,144 West 37th St_New York_ NY 10018_,8,2,4.5,,,,,,,,,,,
Balthazar Restaurant,r59,80 Spring St_New York_ NY 10012_,6,3,4,,,,,,,,,,,
Bar Fortuna,r60,62 W 9th St_New York_ NY 10011_,5,2,4.5,,,,,,,,,,,
Bar SixtyFive,r61,30 Rockefeller Plz_Fl 65_New York_ NY 10112_,2,3,4.5,,,,,,,,,,,
Barawine,r62,200 Lenox Ave_New York_ NY 10027_,5,2,3.5,,,,,,,,,,,
Barbalu Restaurant,r63,225-227 Front St_New York_ NY 10038_,7,2,4,,,,,,,,,,,
Barbetta,r64,321 W 46th St_New York_ NY 10036_,2,3,3.5,,,,,,,,,,,
Barbuto,r65,775 Washington St_New York_ NY 10014_,2,3,4,,,,,,,,,,,
Barn Joo,r66,35 Union Sq W_New York_ NY 10003_,10,2,4,,,,,,,,,,,
Barn Joo 35,r67,34 W 35th St_New York_ NY 10001_,10,2,4.5,,,,,,,,,,,
Basta Pasta,r68,37 W 17th St_New York_ NY 10011_,7,2,4,,,,,,,,,,,
Bâtard,r69,239 West Broadway_New York_ NY 10013_,6;,4,4,,,,,,,,,,,
Bathtub Gin,r70,132 9th Ave_New York_ NY 10011_,5,3,4,,,,,,,,,,,
BCD Tofu House,r71,5W 32nd St_New York_ NY 10001_,10,2,4,,,,,,,,,,,
Bea,r72,403 W 43rd St_New York_ NY 10036_,2; 5,2,4,,,,,,,,,,,
Becco,r73,355 W 46th St_New York_ NY 10036_,7,3,4,,,,,,,,,,,
Belle Harlem,r74,2363 Adam Clayton Powell Blvd_New York_ NY 10030_,2,2,5,,,,,,,,,,,
Bemelmans Bar,r75,35 E 76th St_Carlyle Hotel_New York_ NY 10021_,5,4,4,,,,,,,,,,,
Benemon,r76,108 E 4th St_New York_ NY 10003_,9,2,4.5,,,,,,,,,,,
Bengal Tiger Indian Food,r77,58 W 56th St_Fl 2_New York_ NY 10019_,13,2,4.5,,,,,,,,,,,
Benito One,r78,174 Mulberry St_New York_ NY 10013_,7,2,4,,,,,,,,,,,
Benson's NYC,r79,181 Essex St_New York_ NY 10002_,2,2,4.5,,,,,,,,,,,
BentOn,r80,156 E 45th St,9,1,4,,,,,,,,,,,
Bessou,r81,5 Bleecker St_New York_ NY 10012_,9,3,4,,,,,,,,,,,
Bevy,r82,153 W 57th St_Fl 3_New York_ NY 10019_,2; 5,3,5,,,,,,,,,,,
Beyoglu,r83,1431 3rd Ave_New York_ NY 10028_,8,2,4,,,,,,,,,,,
Beyond Sushi Midtown West,r84,62 W 56th St_New York_ NY 10019_,9,2,4.5,,,,,,,,,,,
BG Restaurant,r85,754 5th Ave_New York_ NY 10019_,2,3,4,,,,,,,,,,,
Bill's Bar & Burger,r86,16 W 51st St_New York_ NY 10019_,2; 5,2,3.5,,,,,,,,,,,
Bill's Townhouse,r87,57 E 54th St_New York_ NY 10022_,2,3,4.5,,,,,,,,,,,
BIN No. 220,r88,220 Front St_New York_ NY 10038_,5,2,4,,,,,,,,,,,
Bistango,r89,145 E 50th St_The Kimberly Hotel_New York_ NY 10022_,7,2,4,,,,,,,,,,,
Bistro Chat Noir,r90,22 E 66th St_New York_ NY 10065_,6,3,4,,,,,,,,,,,
Bistro Les Amis,r91,180 Spring St_New York_ NY 10012_,6,2,4,,,,,,,,,,,
Black Barn,r92,19 E 26th St_New York_ NY 10010_,2; 4,3,3.5,,,,,,,,,,,
Black Tap Craft Burgers & Beer,r93,529 Broome St_New York_ NY 10013_,0; 5,2,4,,,,,,,,,,,
Blend on the Water,r94,4540 Center Blvd_Long Island City_ NY 11109_,15; 4,2,4,,,,,,,,,,,
Blue Dog Kitchen Bar,r95,308 W 50th St_New York_ NY 10019_,2,2,4,,,,,,,,,,,
Blue Hill,r96,75 Washington Pl_New York_ NY 10011_,2,4,4.5,,,,,,,,,,,
BLVD Bistro,r97,239 Lenox Ave_New York_ NY 10027_,0,2,4,,,,,,,,,,,
Bobby Van's CPS,r98,40 Central Park S_New York_ NY 10019_,2,3,4.5,,,,,,,,,,,
BoCaphe,r99,222 Lafayette St_New York_ NY 10012_,9,2,4,,,,,,,,,,,
Boccone,r100,506 9th Ave_New York_ NY 10018_,7,2,4,,,,,,,,,,,
Bodega 88,r101,573 Columbus Ave_New York_ NY 10024_,5,2,4.5,,,,,,,,,,,
Bodrum Mediterranean Restaurant,r102,584 Amsterdam Ave_New York_ NY 10024_,8,2,4,,,,,,,,,,,
Bohemian Restaurant,r103,57 Great Jones St_New York_ NY 10012_,9,3,4.5,,,,,,,,,,,
Bondurants,r104,303 E 85th St_New York_ NY 10028_,2; 5,2,4,,,,,,,,,,,
Bookmarks,r105,299 Madison Ave_Library Hotel_New York_ NY 10017_,5,3,3.5,,,,,,,,,,,
Boqueria,r106,53 W 19th St_New York_ NY 10011_,19,3,4,,,,,,,,,,,
Bottle and Bine,r107,1085 2nd Ave_New York_ NY 10022_,2; 5,2,4,,,,,,,,,,,
Boucherie,r108,99 7th Ave S_New York_ NY 10014_,6,3,4,,,,,,,,,,,
Bouley,r109,163 Duane St_New York_ NY 10013_,6,4,4.5,,,,,,,,,,,
Bouley Test Kitchen,r110,31 West 21st St_New York_ NY 10010_,6,3,4.5,,,,,,,,,,,
Boulton & Watt,r111,5 Ave A_New York_ NY 10009_,2; 5,2,4,,,,,,,,,,,
Boulud Sud,r112,20 West 64th Street_New York_ NY 10023_,8,3,4,,,,,,,,,,,
Breakroom,r113,83 Baxter St_New York_ NY 10013_,11; 0,1,4.5,,,,,,,,,,,
Briciola,r114,370 W 51st St_New York_ NY 10019_,7,2,4,,,,,,,,,,,
Brickyard Gastropub,r115,785 9th Ave_New York_ NY 10019_,5,2,4,,,,,,,,,,,
Brindle Room,r116,277 E 10th St_New York_ NY 10009_,2; 5,2,4,,,,,,,,,,,
Bubby's High Line,r117,73 Gansevoort St_New York_ NY 10014_,0,2,3.5,,,,,,,,,,,
Buceo 95,r118,201 W 95th St_New York_ NY 10025_,19,3,4,,,,,,,,,,,
Burger & Lobster,r119,39 W 19th St_New York_ NY 10011_,3; 0,2,4.5,,,,,,,,,,,
Burp Bowl Cafe,r120,134 E 27th St_New York_ NY 10010_,9,1,4,,,,,,,,,,,
Burrito Box,r121,885 9th Ave,11,1,4,,,,,,,,,,,
Bustan,r122,487 Amsterdam Ave_New York_ NY 10024_,8,2,4,,,,,,,,,,,
Butcher Bar,r123,146 Orchard St_New York_ NY 10002_,5,2,4,,,,,,,,,,,
Butter Midtown,r124,70 W 45th St_New York_ NY 10036_,2,3,3.5,,,,,,,,,,,
Buvette,r125,42 Grove St_New York_ NY 10014_,6,2,4,,,,,,,,,,,
by CHLOE,r126,185 Bleecker St_New York_ NY 10012_,7; 0,2,4,,,,,,,,,,,
Cafe Boulud,r127,20 E 76th St_New York_ NY 10021_,6,4,4,,,,,,,,,,,
Cafe Cluny,r128,284 W 12th St_New York_ NY 10014_,2,2,4,,,,,,,,,,,
Cafe D'Alsace,r129,1695 2nd Ave_New York_ NY 10128_,6,2,4,,,,,,,,,,,
Cafe Luxembourg,r130,200 W 70th St_New York_ NY 10023_,6; 5,3,4,,,,,,,,,,,
Cafe Sabarsky,r131,1048 5th Ave_New York_ NY 10028_,2,2,4,,,,,,,,,,,
CajunSea & Oyster Bar,r132,32 W 33rd St_New York_ NY 10001_,3; 4,2,4,,,,,,,,,,,
Caledonia UWS,r133,424 Amsterdam Ave_New York_ NY 10024_,5,2,4.5,,,,,,,,,,,
Calle Dao,r134,38 W 39th St_New York_ NY 10018_,17; 5; 4,2,4,,,,,,,,,,,
Cantina Taqueria & Tequila Bar,r135,329 Lenox_New York_ NY 10027_,11; 5,2,3,,,,,,,,,,,
Carma East,r136,507 E 6th St_New York_ NY 10009_,1,2,4,,,,,,,,,,,
Carmine's - Times Square,r137,200 W 44th St_New York_ NY 10036_,7,2,4,,,,,,,,,,4,691
Carroll Place,r138,157 Bleecker St_New York_ NY 10012_,5,2,4,,,,,,,,,,,
Casa Agave,r139,693 9th Ave_New York_ NY 10036_,11; 5,2,4,,,,,,,,,,,
Casa Enrique,r140,5-48 49th Ave_Long Island City_ NY 11101_,11,2,4,,,,,,,,,,,
Casa Nonna,r141,310 W 38th St_New York_ NY 10018_,7,3,4,,,,,,,,,,,
Casellula,r142,401 W 52nd St_New York_ NY 10019_,2,2,4,,,,,,,,,,,
Cask Bar & Kitchen,r143,167 E 33rd St_New York_ NY 10016_,2; 4,2,4,,,,,,,,,,,
CAVA,r144,143 4th Ave,8,2,4.5,,,,,,,,,,,
Caviar Russe,r145,538 Madison Ave_Fl 2_New York_ NY 10022_,3,4,4,,,,,,,,,,,
Characters NYC,r146,243 W 54th St_New York_ NY 10019_,0; 5,2,3.5,,,,,,,,,,,
Charlie Palmer Steak,r147,47 West 38th St_New York_ NY 10018_,2,4,4,,,,,,,,,,,
Chart House,r148,Lincoln Harbor Pier D-T_Lincoln Harbor_ Pier D-T_Weehawken_ NJ 07086_,3; 5,3,4,,,,,,,,,,,
Che Cafe,r149,86 E 7th St_New York_ NY 10003_,11,1,5,,,,,,,,,,,
Chef's Table at Brooklyn Fare,r150,431 W 37th St_New York_ NY 10018_,9,4,4.5,,,,,,,,,,,
Chefs Club,r151,275 Mulberry St_New York_ NY 10012_,2,3,4,,,,,,,,,,,
Chez Josephine,r152,414 W 42nd St_New York_ NY 10036_,6,3,4,,,,,,,,,,,
Chez Napoleon,r153,365 W 50th St_New York_ NY 10019_,6,3,4,,,,,,,,,,,
Chimichurri Grill East,r154,133 E 61st St_New York_ NY 10065_,15;,3,5,,,,,,,,,,,
Chipotle,r155,117 E 14th Street,11,2,3,,,,,,,,,,,
CHOCHIN,r156,310 E 93rd St_New York_ NY 10128_,9,2,4.5,,,,,,,,,,,
Chop Chop Grub Shop,r157,3507 Ditmars Blvd_Astoria_ NY 11105_,2,2,5,,,,,,,,,,,
Chouchou,r158,215 E 4th St_New York_ NY 10009_,8,3,4.5,,,,,,,,,,,
Chumley's,r159,86 Bedford St_New York_ NY 10014_,2,3,4,,,,,,,,,,,
Cibo E Vino,r160,2418 Broadway_New York_ NY 10024_,7,2,4,,,,,,,,,,,
Ciccio,r161,190 6th Ave_New York_ NY 10012_,7,2,4.5,,,,,,,,,,,
Cielo At the Mayfair,r162,242 W 49th St_New York_ NY 10019_,7,2,4,,,,,,,,,,,
Citizens of Chelsea,r163,401 W 25th St_New York_ NY 10001_,4,2,4,,,,,,,,,,,
CK14  The Crooked Knife,r164,232 W 14th St_New York_ NY 10011_,2,2,4,,,,,,,,,,,
Clancey,r165,79 Clinton St_New York_ NY 10002_,2; 5; 4,2,4.5,,,,,,,,,,,
Clay,r166,553 Manhattan Ave_New York_ NY 10027_,2; 5,3,4.5,,,,,,,,,,,
Clement,r167,700 Fifth Ave_New York_ NY 10019_,2;,3,4,,,,,,,,,,,
Clinton Hall,r168,90 Washington St_New York_ NY 10006_,5,2,4,,,,,,,,,,,
Clinton Hall Seaport,r169,19 Fulton St_New York_ NY 10038_,5,2,3,,,,,,,,,,,
Coarse NYC,r170,306 W 13th St_New York_ NY 10014_,2,3,4.5,,,,,,,,,,,
Coffeemania,r171,1065 Ave Of The Americas_New York_ NY 10018_,2; 4,2,4,,,,,,,,,,,
Colors,r172,178 Stanton St_New York_ NY 10002_,2; 7,2,5,,,,,,,,,,,
Come Prima Ristorante,r173,903 Madison Ave_New York_ NY 10021_,7; 5,3,4.5,,,,,,,,,,,
Community Food & Juice,r174,2893 Broadway_New York_ NY 10025_,2; 4,2,3.5,,,,,,,,,,,
Conmigo,r175,1685 1st Ave_New York_ NY 10128_,11; 5,3,3,,,,,,,,,,,
Cookshop,r176,156 10th Ave_New York_ NY 10011_,2; 4; 5,2,4,,,,,,,,,,,
Coppelia,r177,207 W 14th St_New York_ NY 10011_,17,2,4,,,,,,,,,,,
Cote,r178,16 W 22nd St_New York_ NY 10010_,10,3,3.5,,,,,,,,,,,
Cotenna,r179,21 Bedford St_New York_ NY 10014_,7; 5,2,4,,,,,,,,,,,
Covina,r180,127 E 27th St_New York_ NY 10016_,2; 5,3,4.5,,,,,,,,,,,
Craft,r181,43 E 19th St_New York_ NY 10003_,2,4,4,,,,,,,,,,,
Crave Fishbar,r182,428 Amsterdam Ave_New York_ NY 10024_,3,3,4,,,,,,,,,,,
Crescent Grill,r183,38-40 Crescent St_Long Island City_ NY 11101_,2,2,4.5,,,,,,,,,,,
Crispo,r184,240 W 14th St_New York_ NY 10011_,7,3,4,,,,,,,,,,,
Cuba Restaurant and Rum Bar,r185,222 Thompson St_New York_ NY 10012_,17,2,4,,,,,,,,,,,
Da Claudio,r186,21 Ann St_New York_ NY 10038_,7,2,4.5,,,,,,,,,,,
Daily Provisions,r187,103 E 19th St,2,2,4.5,,,,,,,,,,,
Daniel,r188,60 E 65th St._New York_ NY 10065_,6,4,4.5,,,,,,,,,,,
David Burke Kitchen,r189,23 Grand St_New York_ NY 10013_,2;,3,3.5,,,,,,,,,,,
Davio's Northern Italian Steakhouse,r190,447 Lexington Ave_New York_ NY 10017_,7; 2,3,4,,,,,,,,,,,
Death Ave,r191,315 10th Ave_New York_ NY 10001_,2; 5,2,4,,,,,,,,,,,
Degustation,r192,239 E 5th St_New York_ NY 10003_,2; 19,3,4,,,,,,,,,,,
Del Frisco's Double Eagle Steak House,r193,1221 Ave Of The Americas_New York_ NY 10020_,3,4,4.5,,,,,,,,,,,
Del Frisco's Grille,r194,60 Rockefeller Plz_Ste H_New York_ NY 10020_,2,3,3.5,,,,,,,,,,,
Del Posto,r195,85 10th Ave_New York_ NY 10011_,7,4,4,,,,,,,,,,,
Delilah,r196,155 Rivington St_New York_ NY 10002_,8,2,4,,,,,,,,,,,
dell'anima,r197,38 8th Ave_New York_ NY 10014_,7,3,4,,,,,,,,,,,
Despaña,r198,408 Broome St_New York_ NY 10013_,19,2,4.5,,,,,,,,,,,
Deux Amis,r199,356 E 51st St_New York_ NY 10022_,6,2,4,,,,,,,,,,,
Dig Inn,r200,40 W 55th Street,2,1,4,,,,,,,,,,,
Dig Inn,r201,1297 Lexington Ave_New York_ NY 10128_,2,2,4,,,,,,,,,,,
Dig Inn,r202,2884 Broadway_New York_ NY 10025_,2,2,4,,,,,,,,,,,
Dim Sum Palace,r203,334 W 46th St_New York_ NY 10036_,1,2,4,,,,,,,,,,,
Dinnertable,r204,206 Ave A_New York_ NY 10009_,9; 5,3,4.5,,,,,,,,,,,
Distilled,r205,211 W Broadway_New York_ NY 10013_,2; 4,2,4,,,,,,,,,,,
District Social,r206,252 W 37th St_New York_ NY 10018_,2,2,4,,,,,,,,,,,
District Tap House,r207,246 W 38th St_New York_ NY 10018_,2,2,4,,,,,,,,,,,
Dominique Bistro,r208,14 Christopher St_New York_ NY 10014_,6; 5,2,4,,,,,,,,,,,
DOMODOMO,r209,138 W Houston St_New York_ NY 10012_,9,3,4.5,,,,,,,,,,,
Dorlan's Tavern & Oyster Bar,r210,213 Front St_New York_ NY 10038_,3,2,4,,,,,,,,,,,
Dos Toros Tacqueria,r211,137 4th Ave,11,1,4,,,,,,,,,,,
Drunken Munkey NYC,r212,338 E 92nd St_New York_ NY 10128_,13,2,4.5,,,,,,,,,,,
Dutch Freds,r213,307 W 47th St_New York_ NY 10036_,5,2,4.5,,,,,,,,,,,
Dutch Kills,r214,27-24 Jackson Ave_Long Island City_ NY 11101_,5,2,4,,,,,,,,,,,
E.A.K. Ramen,r215,469 Avenue Of The Americas_New York_ NY 10011_,16,2,4,,,,,,,,,,,
E&E Grill House,r216,233 W 49th St_New York_ NY 10019_,0,3,4,,,,,,,,,,,
Earl's Beer & Cheese,r217,1259 Park Ave_New York_ NY 10029_,5,2,4,,,,,,,,,,,
East Sake Bar,r218,43 W 32nd St_New York_ NY 10001_,9,2,4.5,,,,,,,,,,,
Eastfield's Kitchen & Bar,r219,1479 York Ave_New York_ NY 10075_,2; 5,2,4,,,,,,,,,,,
Eataly,r220,200 5th Ave_New York_ NY 10010_,7,2,4,,,,,,,,,,,
Ella Kitchen & Bar,r221,249 Columbus Ave_New York_ NY 10023_,8;,2,4,,,,,,,,,,,
Emily West Village,r222,35 Downing St_New York_ NY 10014_,14; 0,3,4.5,,,,,,,,,,,
Empellón,r223,510 Madison Ave_New York_ NY 10022_,11; 5,3,4,,,,,,,,,,,
Empire Diner,r224,210 10th Ave_New York_ NY 10011_,0; 4,,,,,,,,,,,,,
Empire Steak House,r225,151 E 50th St_New York_ NY 10022_,0; 5,3,4,,,,,,,,,,,
Esme,r226,999 Manhattan Ave_Greenpoint_ NY 11222_,2; 4; 5,2,4.5,,,,,,,,,,,
Estela,r227,47 E Houston St_New York_ NY 10012_,2; 4,3,4,,,,,,,,,,,
Esther & Carol,r228,341 Broome St_New York_ NY 10013_,0,2,5,,,,,,,,,,,
Eva's Kitchen,r229,11 W 8th St,7,1,4,,,,,,,,,,,
Excellent Dumpling House,r230,165 W 23rd St_New York_ NY 10011_,1,2,4,,,,,,,,,,,
Excuse My French,r231,96 Orchard St_New York_ NY 10002_,6; 5,2,4.5,,,,,,,,,,,
Extra Virgin,r232,259 W 4th St_New York_ NY 10014_,3,2,4,,,,,,,,,,,
Farmer & The Fish- Gramercy,r233,245 Park Ave S_New York_ NY 10003_,2,3,3.5,,,,,,,,,,,
Fatty Fish Restaurant,r234,406 E 64th St_New York_ NY 10065_,16; 3,2,4,,,,,,,,,,,
Feast,r235,102 3rd Ave_New York_ NY 10003_,2; 4,3,4,,,,,,,,,,,
Fiaschetteria Pistoia,r236,647 E 11th St_New York_ NY 10009_,5; 8,2,4.5,,,,,,,,,,,
Fields Good Chicken,r237,26 E 40th St_New York_ NY 10016_,2,2,4,,,,,,,,,,,
Fifty,r238,50 Commerce St_New York_ NY 10014_,15; 5,3,4.5,,,,,,,,,,,
Fig & Olive,r239,808 Lexington Ave_New York_ NY 10065_,7,3,3.5,,,,,,,,,,,
Fig & Olive,r240,10 E 52nd St_New York_ NY 10022_,8,3,3.5,,,,,,,,,,,
Fig & Olive - Meatpacking,r241,420 W 13th St_New York_ NY 10014_,8,3,3.5,,,,,,,,,,,
Fine & Rare,r242,9 E 37th St_New York_ NY 10016_,2; 5,3,4.5,,,,,,,,,,,
Fish,r243,280 Bleecker St_New York_ NY 10014_,3,2,4,,,,,,,,,,,
Fish Cheeks,r244,55 Bond St_New York_ NY 10012_,3; 12,3,4,,,,,,,,,,,
Five Senses,r245,9 W 32nd St_New York_ NY 10001_,10,2,4,,,,,,,,,,,
Flat Top,r246,1241 Amsterdam Ave_New York_ NY 10027_,2,2,4,,,,,,,,,,,
Flatiron Room,r247,37 W 26th St_New York_ NY 10010_,0; 5,3,4.5,,,,,,,,,,,
Flex Mussels,r248,174 E 82nd St_New York_ NY 10028_,3,3,4,,,,,,,,,,,
Flex Mussels,r249,154 W 13th St_New York_ NY 10011_,3; 5; 4,3,4,,,,,,,,,,,
Flinders Lane,r250,162 Avenue A_New York_ NY 10009_,5,2,4,,,,,,,,,,,
Flip'n Toss,r251,82 Christopher St_New York_ NY 10014_,2,2,5,,,,,,,,,,,
Flor de Mayo,r252,2651 Broadway_New York_ NY 10025_,1; 15,2,4,,,,,,,,,,,
Flor De Mayo,r253,484 Amsterdam Ave_New York_ NY 10024_,1; 15,2,4,,,,,,,,,,,
Flora Bar,r254,945 Madison Ave_New York_ NY 10021_,5,4,3.5,,,,,,,,,,,
Flow Bar,r255,45 Nassau St_New York_ NY 10005_,5,1,4.5,,,,,,,,,,,
Fogo de Chão Brazilian Steakhouse,r256,40 W 53rd St_New York_ NY 10019_,15; 3,3,4,,,,,,,,,,,
Foragers Table,r257,300 W 22nd St_New York_ NY 10011_,2; 5,2,4,,,,,,,,,,,
Foxy Greens,r258,1049 1st Ave_New York_ NY 10022_,2; 7,1,5,,,,,,,,,,,
Foxy Johns Bar & Kitchen,r259,143 E 47th St_New York_ NY 10017_,2; 5,2,4.5,,,,,,,,,,,
Freemans,r260,Freeman Aly_New York_ NY 10002_,4; 5,2,4,,,,,,,,,,,
Fresh Salt,r261,146 Beekman St_New York_ NY 10038_,7,2,4,,,,,,,,,,,
Friedman's,r262,1187 Amsterdam Ave_New York_ NY 10027_,2,2,4,,,,,,,,,,,
Friedman's,r263,132 W 31st St_New York_ NY 10001_,2; 4,2,4,,,,,,,,,,,
Frying Pan,r264,Pier 66 Maritime_New York_ NY 10001_,5,2,4,,,,,,,,,,,
Fuji East,r265,455 Main St_New York_ NY 10044_,9,2,3,,,,,,,,,,,
Fuku+,r266,15 West 56th St_New York_ NY 10019_,2,2,3.5,,,,,,,,,,,
Gabriel Kreuther,r267,41 W 42nd St_New York_ NY 10036_,6; 5,4,4.5,,,,,,,,,,,
Gabriel's Bar & Restaurant,r268,11 W 60th St_New York_ NY 10023_,7,3,4,,,,,,,,,,,
Galata Mediterranean Cuisine,r269,212 E 34th St_New York_ NY 10016_,8,2,4.5,,,,,,,,,,,
Gallaghers Steakhouse,r270,228 West 52nd St_New York_ NY 10019_,0; 3,3,4,,,,,,,,,,,
Galli Restaurant,r271,45 Mercer St_New York_ NY 10013_,7,2,4,,,,,,,,,,,
Gallow Green,r272,542 W 27th St_New York_ NY 10001_,2,3,3.5,,,,,,,,,,,
Gardenia,r273,64 Downing St_New York_ NY 10014_,8,2,4,,,,,,,,,,,
Gardenia Terrace,r274,826 10th Ave_New York_ NY 10019_,8,3,4.5,,,,,,,,,,,
Gato,r275,324 Lafayette St_New York_ NY 10012_,8,3,4,,,,,,,,,,,
Gelso & Grand,r276,186 Grand St_New York_ NY 10013_,7,2,4,,,,,,,,,,,
Glaze,r277,638 Lexington Ave,9,1,3.5,,,,,,,,,,,
GLORIA,r278,401 West 53rd St_New York_ NY 10019_,3,3,4.5,,,,,,,,,,,
Good Dish,r279,2 W 58th St_New York_ NY 10019_,2,3,5,,,,,,,,,,,
Gotham Bar and Grill,r280,12 E 12th St_New York_ NY 10003_,2; 5,4,4.5,,,,,,,,,,,
Graffiti Food & Wine Bar,r281,224 E 10th St_New York_ NY 10003_,2; 5,3,4,,,,,,,,,,,
Gramercy Tavern,r282,42 E 20th St_New York_ NY 10003_,2,4,4.5,,,,,,,,,,,
Grand Banks,r283,Pier 25_Hudson River Park_New York_ NY 10013_,2,3,4,,,,,,,,,,,
Grand Tier Restaurant,r284,30 Lincoln Center Plz_New York_ NY 10184_,2,3,4,,,,,,,,,,,
Grazie,r285,26 E 84th St_New York_ NY 10028_,7,2,4,,,,,,,,,,,
Great Hall Balcony Bar,r286,1000 5th Ave_Metropolitan Museum of Art_New York_ NY 10028_,5,2,4.5,,,,,,,,,,,
Gunter Seeger,r287,641 Hudson_New York_ NY 10014_,2,4,4,,,,,,,,,,,
Hakata Tonton,r288,61 Grove St_New York_ NY 10014_,9,2,4,,,,,,,,,,,
Halifax,r289,225 River St_Fl 1_Hoboken_ NJ 07030_,0; 4,3,4,,,,,,,,,,,
Han Dynasty,r290,90 3rd Ave_New York_ NY 10003_,1; 5,2,4,,,,,,,,,,,
HandCraft Kitchen & Cocktails,r291,367 3rd Ave_New York_ NY 10016_,5,2,4,,,,,,,,,,,
Harding's,r292,32 E 21st St_New York_ NY 10010_,2; 5,2,4,,,,,,,,,,,
Hatsuhana Sushi Restaurant,r293,17 E 48th St_New York_ NY 10017_,9,3,4,,,,,,,,,,,
HAVEN Riverfront Restaurant and Bar,r294,2 Main St_Ste G_Edgewater_ NJ 07020_,3,3,4,,,,,,,,,,,
Haymaker Bar and Kitchen,r295,252 W 29th St_New York_ NY 10001_,5,2,4,,,,,,,,,,,
Hearth,r296,403 E 12th St_New York_ NY 10009_,2; 4,3,4,,,,,,,,,,,
Heidi's House By The Side Of The Road,r297,308 E 78th St_New York_ NY 10075_,5,2,4.5,,,,,,,,,,,
Hell's Kitchen,r298,754 9th Ave_New York_ NY 10019_,11,2,4,,,,,,,,,,,
Hendriks,r299,557 Third Ave_New York_ NY 10016_,2; 3,2,4,,,,,,,,,,,
Her Name Is Han,r300,17 E 31st St_New York_ NY 10016_,10,2,4,,,,,,,,,,,
High Street On Hudson,r301,637 Hudson St_New York_ NY 10014_,2; 4; 5,2,4,,,,,,,,,,,
Hillstone Restaurant,r302,153 E 53rd St_New York_ NY 10022_,2,3,4,,,,,,,,,,,
Hourglass Tavern,r303,373 W 46th St_New York_ NY 10036_,0; 5,2,4,,,,,,,,,,,
Houseman,r304,508 Greenwich St_New York_ NY 10013_,2; 5,3,4,,,,,,,,,,,
Hudson Bar Room,r305,444 10th Ave_New York_ NY 10001_,0; 5,,,,,,,,,,,,,
Hudson Clearwater,r306,447 Hudson St_New York_ NY 10014_,2; 4; 5,3,4,,,,,,,,,,,
Hudson Hound,r307,575 Hudson St_New York_ NY 10014_,5,2,4.5,,,,,,,,,,,
Icelandic Fish & Chips,r308,28 7th Ave S_New York_ NY 10014_,3,2,4.5,,,,,,,,,,,
Ichabod's,r309,15 Irving Pl_New York_ NY 10003_,2; 4,2,4,,,,,,,,,,,
Ikinari Steak East Village,r310,90 E 10th St_New York_ NY 10003_,9,2,4,,,,,,,,,,,
Il Bambino,r312,48 W 8th St_New York_ NY 10011_,7,2,4.5,,,,,,,,,,,
IL Brigante,r313,214 Front St_New York_ NY 10038_,7,2,4,,,,,,,,,,,
Il Corallo Trattoria,r314,176 Prince St_New York_ NY 10012_,7,2,4,,,,,,,,,,,
Il Corso,r315,54 W 55th St_New York_ NY 10019_,7,3,4,,,,,,,,,,,
Il Gattopardo,r316,13-15 W 54th St_New York_ NY 10019_,7,3,4,,,,,,,,,,,
Il Tinello Ristorante Italiano,r317,16 W 56th St_New York_ NY 10019_,7,4,4.5,,,,,,,,,,,
Infirmary,r318,1720 2nd Ave_New York_ NY 10128_,3; 5,2,4,,,,,,,,,,,
Innside By Melia,r319,132 W 27th St_New York_ NY 10001_,7,3,4,,,,,,,,,,,
International Wings Factory,r320,1762 1st Ave,0,2,4.5,,,,,,,,,,,
Ipanema Restaurant,r321,43 W 46th St_New York_ NY 10036_,15,2,4,,,,,,,,,,,
Ippudo Westside,r322,321 W 51st St_New York_ NY 10019_,16,2,4,,,,,,,,,,,
Irvington,r323,201 Park Ave S_New York_ NY 10003_,2; 5,3,4,,,,,,,,,,,
Isle of Capri,r324,1028 3rd Ave_New York_ NY 10065_,7,3,4,,,,,,,,,,,
Izakaya,r325,326 E 6th St_New York_ NY 10003_,18,2,4,,,,,,,,,,,
Izakaya MEW,r326,53 W 35th St_New York_ NY 10001_,18,2,4,,,,,,,,,,,
Izakaya NoMad,r327,13 W 26th St_New York_ NY 10010_,18,2,4,,,,,,,,,,,
Jack's Wife Freda,r328,224 Lafayette St_New York_ NY 10012_,2,2,4,,,,,,,,,,,
Jack's Wife Freda,r329,50 Carmine St_New York_ NY 10014_,2,2,4,,,,,,,,,,,
Jackson's Eatery | Bar,r330,10-37 Jackson Ave_Long Island City_ NY 11101_,0; 5,2,4,,,,,,,,,,,
Jajaja,r331,162 E Broadway,11; 7,2,4.5,,,,,,,,,,,
Jams,r332,1414 Ave Of The Americas_New York_ NY 10019_,2; 4; 5,3,3.5,,,,,,,,,,,
Jane,r333,100 W Houston St_New York_ NY 10012_,0,2,4,,,,,,,,,,,
Jasmine Restaurant,r334,216 E 49th St_New York_ NY 10017_,9,2,4,,,,,,,,,,,
Jeffrey's Grocery,r335,172 Waverly Pl_New York_ NY 10014_,3; 5,2,4,,,,,,,,,,,
Jimmy's Corner,r336,140 W 44th St_New York_ NY 10036_,5,1,4,,,,,,,,,,,
Jin Ramen,r337,462 Amsterdam Ave_New York_ NY 10024_,16; 5,2,4,,,,,,,,,,,
Joe Allen,r338,326 W 46th St_New York_ NY 10036_,0,2,4,,,,,,,,,,,
Joe's Pizza,r339,7 Carmine St,14,1,4,,,,,,,,,,,
Joe's Shanghai,r340,9 Pell St_New York_ NY 10013_,9,2,4,,,,,,,,,,,
Jones Wood Foundry,r341,401 E 76th St_New York_ NY 10021_,5,2,4,,,,,,,,,,,
Jongro BBQ,r342,22 W 32nd St_New York_ NY 10001_,10,2,4,,,,,,,,,,,
Joseph Leonard,r343,170 Waverly Pl_New York_ NY 10014_,6;,2,4,,,,,,,,,,,
Juice Generation,r344,644 9th Ave,7,2,4,,,,,,,,,,,
Jun-Men Ramen Bar,r345,249 9th Ave_New York_ NY 10001_,16,2,4,,,,,,,,,,,
Juniper,r346,237 W 35th St_New York_ NY 10001_,2,2,4,,,,,,,,,,,
Kashkaval Garden,r347,852 9th Ave_New York_ NY 10019_,8,2,4,,,,,,,,,,,
KazuNori  | The Original Hand Roll Bar,r348,15 W 28th St_New York_ NY 10001_,9,2,4.5,,,,,,,,,,,
Kefi,r349,505 Columbus Ave_New York_ NY 10024_,8,2,3.5,,,,,,,,,,,
Kiki's,r350,130 Division St_New York_ NY 10002_,8,2,4.5,,,,,,,,,,,
Kilo,r351,857 9th Ave_New York_ NY 10019_,5,2,4,,,,,,,,,,,
Kingsley,r352,190 Ave B_New York_ NY 10009_,6;5,3,4,,,,,,,,,,,
Kitty's kitchen,r353,850 12th Ave_New York_ NY 10019_,1; 11,,,,,,,,,,,,,
Kobeyaki,r354,293 7th Ave_New York_ NY 10001_,9,2,4,,,,,,,,,,,
Korali Estiatorio,r355,1662 3rd Ave_New York_ NY 10128_,8,3,4,,,,,,,,,,,
Kori Tribeca,r356,253 Church St_New York_ NY 10013_,10,2,4,,,,,,,,,,,
Korilla BBQ,r357,55th and Broadway,10,1,4,,,,,,,,,,,
Kotobuki Manhattan,r358,56 3rd Ave_New York_ NY 10003_,9,2,4,,,,,,,,,,,
Kura,r359,130 St Marks Pl_New York_ NY 10009_,9,4,4.5,,,,,,,,,,,
L'Artusi,r360,228 W 10th St_New York_ NY 10014_,7,3,4.5,,,,,,,,,,,
La Cerveceria,r361,65 2nd Ave_New York_ NY 10003_,15,2,4,,,,,,,,,,,
La Diagonal,r362,185 St Nicholas Ave_New York_ NY 10026_,11; 5,2,4,,,,,,,,,,,
La Gioconda,r363,226 E 53rd St_New York_ NY 10022_,7,2,4,,,,,,,,,,,
La Goulette,r364,159 Grand St,8,2,4.5,,,,,,,,,,,
La Grenouille,r365,3 E 52nd St_New York_ NY 10022_,6,4,4,,,,,,,,,,,
La Lanterna di Vittorio,r366,129 MacDougal St_New York_ NY 10012_,7,2,4,,,,,,,,,,,
La Masseria,r367,235 W 48th St_New York_ NY 10036_,7,3,4,,,,,,,,,,,
Land,r368,450 Amsterdam Ave_New York_ NY 10024_,12,2,4,,,,,,,,,,,
Larb Ubol,r369,480 9th Ave_New York_ NY 10018_,12,2,4,,,,,,,,,,,
Latham House,r370,299 Marin Blvd_Jersey City_ NJ 07302_,2,2,4,,,,,,,,,,,
Latin Bites,r371,419 E 70th St_New York_ NY 10021_,15; 0,1,4.5,,,,,,,,,,,
Le Bernardin,r372,155 W 51st St_The Equitable Bldg_New York_ NY 10019_,6,4,4.5,,,,,,,,,,,
Le Botaniste,r373,833 Lexington Ave_New York_ NY 10065_,5,2,4.5,,,,,,,,,,,
Le Pif,r374,2058 Broadway Ave_New York_ NY 10023_,6; 5,2,4,,,,,,,,,,,
Le Pif,r375,465 W 23rd St_New York_ NY 10011_,6; 5; 4,2,4.5,,,,,,,,,,,
Left Bank,r376,117 Perry St_New York_ NY 10014_,2,3,4,,,,,,,,,,,
Lelabar,r377,422 Hudson St_New York_ NY 10014_,5,2,4,,,,,,,,,,,
Lena's Italian Kitchen,r378,551 2nd Ave_New York_ NY 10016_,7,2,4.5,,,,,,,,,,,
Library Bar at Hudson,r379,Hudson Hotel_358 W 58th St_New York_ NY 10019_,5,3,4,,,,,,,,,,,
LIC Market,r380,21-52 44th Dr_Long Island City_ NY 11101_,4; 7,2,4,,,,,,,,,,,
Lido,r381,2168 Frederick Douglass Blvd_New York_ NY 10026_,7,2,4,,,,,,,,,,,
Lillie's Victorian Establishment,r382,249 W 49th St_New York_ NY 10019_,5,2,4,,,,,,,,,,,
Lilly's Craft and Kitchen,r383,675 9th Ave_New York_ NY 10036_,2; 4,2,4,,,,,,,,,,,
Limani,r384,45 Rockerfeller Plz_New York_ NY 10111_,8,3,4,,,,,,,,,,,
Lincoln Ristorante,r385,142 W 65th St_New York_ NY 10023_,7,4,4,,,,,,,,,,,
Lincoln Square Steak,r386,208 W 70th St_New York_ NY 10023_,0,3,4,,,,,,,,,,,
Liquiteria,r387,170 2nd Ave,7,1,4,,,,,,,,,,,
Little Alley,r388,550 3rd Ave_New York_ NY 10016_,9,2,4,,,,,,,,,,,
Little Frog Bistro & Bar,r389,322 E 86th St_New York_ NY 10028_,6,3,3.5,,,,,,,,,,,
Little Park,r390,85 W Broadway_New York_ NY 10007_,3; 7,3,4,,,,,,,,,,,
Locanda Verde,r391,377 Greenwich St_New York_ NY 10013_,7,3,4,,,,,,,,,,,
Loi Estiatorio,r392,132 W 58th St_New York_ NY 10019_,8,3,4.5,,,,,,,,,,,
Lokal 83 Mediterranian Kitchen,r393,473 Columbus Ave_New York_ NY 10024_,2,2,4,,,,,,,,,,,
Lolita's Kitchen,r394,1364 Lexington Ave_New York_ NY 10128_,11,1,4,,,,,,,,,,,
LoLo's Seafood Shack,r395,303 W 116th St_New York_ NY 10026_,3; 5,2,4,,,,,,,,,,,
Long Hall At Pier A,r396,22 Battery Pl_New York_ NY 10004_,5,2,4,,,,,,,,,,,
Loopy Doopy Rooftop Bar,r397,102 N End Ave_Conrad New York Hotel_New York_ NY 10282_,5,3,3.5,,,,,,,,,,,
Loring Place,r398,21 W 8th St_New York_ NY 10011_,2,3,4.5,,,,,,,,,,,
Los Mariscos,r399,409 W 15th St_New York_ NY 10011_,3; 11,1,4.5,,,,,,,,,,,
Los Tacos No.1,r400,75 9th Ave_New York_ NY 10011_,11,1,4.5,,,,,,,,,,,
LuAnne's Wild Ginger All-Asian Vegan,r401,380 Broome St,"7, 9",2,4,,,,,,,,,,,
Luke's Lobster FiDi,r402,26 S William St_New York_ NY 10004_,3,2,4.5,,,,,,,,,,,
Lure Fishbar New York,r403,142 Mercer St_Lower Level_New York_ NY 10012_,9; 3,3,4,,,,,,,,,,,
Má Pêche,r404,Chambers Hotel_15 W 56th St_New York_ NY 10019_,2; 4,3,3.5,,,,,,,,,,,
Macchina,r405,2758 Broadway 106th_New York_ NY 10025_,7; 5,2,3.5,,,,,,,,,,,
Made Nice,r406,8 W 28th St_New York_ NY 10001_,2,2,4,,,,,,,,,,,
Maiella,r407,4610 Center Blvd_Long Island City_ NY 11109_,7,3,4.5,,,,,,,,,,,
Maison Pickle,r408,2313 Broadway_New York_ NY 10024_,5,2,4,,,,,,,,,,,
Malatesta Trattoria,r409,649 Washington St_New York_ NY 10014_,7,2,4,,,,,,,,,,,
Maloney & Porcelli,r410,37 E 50th St_New York_ NY 10022_,0,3,4,,,,,,,,,,,
Mamasita Bar & Grill,r411,818 10th Ave_New York_ NY 10019_,11; 5,2,4,,,,,,,,,,,
MAMO Restaurant,r412,323 W Broadway_New York_ NY 10013_,7,3,4,,,,,,,,,,,
Marc Forgione,r413,134 Reade St_New York_ NY 10013_,2,3,4,,,,,,,,,,,
Margon,r414,136 W 46th St,17,1,4,,,,,,,,,,,
Market Table,r415,54 Carmine St_New York_ NY 10014_,2,3,4,,,,,,,,,,,
Marta,r416,29 E 29th St_New York_ NY 10016_,14,3,4,,,,,,,,,,,
Mas Farmhouse,r417,39 Downing St_New York_ NY 10014_,2,4,4,,,,,,,,,,,
Massawa,r418,1239 Amsterdam Ave_New York_ NY 10027_,5,2,4,,,,,,,,,,,
Massoni,r419,11 E 31st St_New York_ NY 10016_,7,3,4.5,,,,,,,,,,,
Match 65,r420,29 E 65th St_New York_ NY 10065_,6; 5,2,3.5,,,,,,,,,,,
Mathews Food & Drink,r421,351 Grove St_Jersey City_ NJ 07302_,2; 5,2,4,,,,,,,,,,,
Matisse,r422,924 2nd Ave_New York_ NY 10022_,6,2,4,,,,,,,,,,,
Max Soha,r423,1274 Amsterdam Ave_New York_ NY 10027_,7,2,4,,,,,,,,,,,
Maysville,r424,17 W 26th St_New York_ NY 10010_,5; 4,3,4,,,,,,,,,,,
Melba's,r425,300 W 114th St_New York_ NY 10026_,0,2,4,,,,,,,,,,,
Melt Shop,r426,135 W 50th St_New York_ NY 10020_,2,2,4,,,,,,,,,,,
Mémé Mediterranean,r427,607 10th Ave_New York_ NY 10036_,8,2,4,,,,,,,,,,,
Mercato,r428,352 W 39th St_New York_ NY 10018_,7,2,4,,,,,,,,,,,
Mermaid Oyster Bar,r429,79 MacDougal St_New York_ NY 10012_,3,2,4,,,,,,,,,,,
Method,r430,746 10th Ave_New York_ NY 10019_,9,3,4.5,,,,,,,,,,,
Mexicue,r431,160 8th Ave_New York_ NY 10011_,11; 5,2,3.5,,,,,,,,,,,
Mexicue,r432,160 8th Ave_New York_ NY 10011_,11; 5,2,3.5,,,,,,,,,,,
Mezetto,r433,161 E Houston St_New York_ NY 10002_,8,2,4,,,,,,,,,,,
Mido,r434,612 Amsterdam Ave_Bet. West 89 St and West 90 St_New York_ NY 10024_,9,2,4.5,,,,,,,,,,,
Midwinter Kitchen,r435,327 2nd Ave_New York_ NY 10003_,4,2,4.5,,,,,,,,,,,
Mighty Quinns,r436,103 2nd Ave,2,2,4,,,,,,,,,,,
Milk And Roses,r437,1110 Manhattan Ave_Brooklyn_ NY 11222_,7,2,4,,,,,,,,,,,
Minetta Tavern,r438,113 Macdougal St_New York_ NY 10012_,2; 4,3,4,,,,,,,,,,,
Miramar,r439,21 S End Ave_New York_ NY 10280_,8; 3,2,4,,,,,,,,,,,
Miscelenea,r440,63 E 4th St,11,1,5,,,,,,,,,,,
MISIRIZZI,r441,36 E 4th St_New York_ NY 10003_,7,3,5,,,,,,,,,,,
Miss Wong's,r442,8 Erie St_Jersey City_ NJ 07302_,5,2,4,,,,,,,,,,,
Mokja,r443,852 Amsterdam_New York_ NY 10025_,10,2,4,,,,,,,,,,,
Mokja,r444,1663 1st Ave_New York_ NY 10028_,10,2,4,,,,,,,,,,,
MoMo Sushi ,r445,239 Park Ave S,9,2,4,,,,,,,,,,,
Momofuku Ko,r446,8 Extra Pl_New York_ NY 10003_,2,4,4.5,,,,,,,,,,,
Momofuku Nishi,r447,232 8th Ave_New York_ NY 10011_,2,2,3.5,,,,,,,,,,,
Momofuku Ssam Bar,r448,207 2nd Ave_New York_ NY 10003_,2,3,4,,,,,,,,,,,
Momosan Ramen & Sake,r449,342 Lexington Ave_New York_ NY 10016_,16,2,4,,,,,,,,,,,
Mont Blanc 52,r450,344 W 52nd St_New York_ NY 10019_,2,,,,,,,,,,,,,
Mozzarella & Vino,r451,33 W 54th St_New York_ NY 10019_,7,2,4,,,,,,,,,,,
Mr Fong's,r452,40 Market St_New York_ NY 10002_,5,2,3.5,,,,,,,,,,,
Mr. Donahue's,r453,203 Mott St_New York_ NY 10012_,0,2,4.5,,,,,,,,,,,
Mr. Jones Supper Club,r454,Jones St_New York_ NY 10014_,9,2,5,,,,,,,,,,,
Mughlai,r455,6 Clinton St_New York_ NY 10002_,13,2,5,,,,,,,,,,,
Mulberry & Vine,r456,155 E 44th St_New York_ NY 10017_,2; 5,2,4,,,,,,,,,,,
Mulino a Vino,r457,337 W 14th St_New York_ NY 10014_,7,3,4,,,,,,,,,,,
Narcissa,r458,25 Cooper Sq_New York_ NY 10003_,2,3,4,,,,,,,,,,,
Nare Sushi,r459,115 E 57th St_New York_ NY 10022_,18,2,4,,,,,,,,,,,
Natsumi Tapas,r460,323 3rd Ave_New York_ NY 10010_,9,2,4,,,,,,,,,,,
Naya Mezze & Grill,r461,1057 2nd Ave_New York_ NY 10022_,8,2,4,,,,,,,,,,,
Nerai,r462,55 E 54th St_New York_ NY 10022_,8,3,4.5,,,,,,,,,,,
New Mizu Susi,r463,350 E 9th St,18,2,4.5,,,,,,,,,,,
Nickel & Diner,r464,1 Howard St_New York_ NY 10013_,2; 4,2,4,,,,,,,,,,,
NISI,r465,302 Bleecker St_New York_ NY 10014_,8,2,4,,,,,,,,,,,
Nobody Is Perfect,r466,235 E 4th St_New York_ NY 10009_,7,2,4,,,,,,,,,,,
Nobu 57,r467,40 W 57th St_New York_ NY 10019_,9,4,4,,,,,,,,,,,
NOMO Kitchen,r468,9 Crosby St_NOMO SOHO Hotel_New York_ NY 10013_,8; 4,2,3.5,,,,,,,,,,,
Non Solo Piada,r469,302 W 37th St_New York_ NY 10018_,7,1,5,,,,,,,,,,,
Norikoh,r470,10 E 39th St_New York_ NY 10016_,9,2,4,,,,,,,,,,,
NORMA Gastronomia Siciliana,r471,438 3rd Ave_New York_ NY 10016_,7,2,4.5,,,,,,,,,,,
Norman,r472,29 Norman Ave_Brooklyn_ NY 11222_,2; 5,2,4.5,,,,,,,,,,,
North End Grill,r473,104 N End Ave_New York_ NY 10282_,0; 5,3,4,,,,,,,,,,,
Nougatine at Jean-Georges,r474,1 Central Park W_New York_ NY 10023_,6,4,4,,,,,,,,,,,
Nyonya,r476,199 Grand St_New York_ NY 10013_,9,2,4,,,,,,,,,,,
OBAO,r477,647 9th Ave_New York_ NY 10036_,9,2,4,,,,,,,,,,,
Ocean Prime,r478,123 W 52nd St_New York_ NY 10019_,2,3,4,,,,,,,,,,,
Oceana Poke,r479,1700 Broadway_@ 53rd_New York_ NY 10019_,7,2,3.5,,,,,,,,,,,
Offside Tavern,r480,137 W 14th St_New York_ NY 10011_,5,1,4.5,,,,,,,,,,,
Oficina 1M,r481,371 Broome St_New York_ NY 10013_,7,2,4,,,,,,,,,,,
Ola vivabar,r482,453 E 78th St_New York_ NY 10075_,15; 5,2,4.5,,,,,,,,,,,
Olio e Piú,r483,3 Greenwich Ave_New York_ NY 10014_,7,2,4,,,,,,,,,,,
Omar's Mediterranean Cuisine,r484,154 E 55th St_New York_ NY 10022_,8,2,4.5,,,,,,,,,,,
On Tap,r485,10 Columbus Cir_Whole Food Market_New York_ NY 10023_,5,2,3,,,,,,,,,,,
One If By Land Two If By Sea,r486,17 Barrow St_New York_ NY 10014_,2,4,4,,,,,,,,,,,
One Star,r487,147 W 24th St_New York_ NY 10011_,5,1,4.5,,,,,,,,,,,
Ootoya Chelsea,r488,8 W 18th St_New York_ NY 10011_,9,2,4,,,,,,,,,,,
Ootoya Greenwich Village,r489,41 E 11th St_New York_ NY 10003_,9,2,4,,,,,,,,,,,
Ootoya Times Square,r490,141 W 41st St_New York_ NY 10036_,9,2,4,,,,,,,,,,,
Oramen,r491,579 6th Ave_New York_ NY 10011_,16,2,4,,,,,,,,,,,
Orso,r492,322 W 46th St_New York_ NY 10036_,7,3,4,,,,,,,,,,,
Ousia,r493,629 W 57th St_New York_ NY 10019_,8,2,4.5,,,,,,,,,,,
Out East,r494,509 6th St_New York_ NY 10009_,2,4,4,,,,,,,,,,,
Ovest Pizzoteca,r495,513 W 27th St_New York_ NY 10001_,7; 5,2,4,,,,,,,,,,,
Palma,r496,28 Cornelia St_New York_ NY 10014_,7,3,4,,,,,,,,,,,
Pampano,r497,209 E 49th St_New York_ NY 10017_,11,3,4,,,,,,,,,,,
Park Avenue Autumn/Winter/Spring/Summer,r498,360 Park Ave S_New York_ NY 10010_,2,3,4,,,,,,,,,,,
Park Avenue Tavern,r499,99 Park Ave_New York_ NY 10016_,0; 5,2,4,,,,,,,,,,,
Parker & Quinn,r500,64 W 39th St_New York_ NY 10018_,2; 5,2,4,,,,,,,,,,,
Patrizia's Pizza and Pasta,r501,462-466 2nd Ave_New York_ NY 10016_,7,2,4.5,,,,,,,,,,,
Patzeria Family & Friends,r502,311 W 48th St_New York_ NY 10036_,7,2,4.5,,,,,,,,,,,
Paul's On Times Square,r503,136 W 42nd St_Hilton Garden Inn_New York_ NY 10036_,5,2,4,,,,,,,,,,,
Pellegrino's Italian Restaurant,r504,138 Mulberry St_New York_ NY 10013_,7,2,4,,,,,,,,,,,
Pepe Giallo,r505,195 10th Ave_New York_ NY 10001_,7,2,4,,,,,,,,,,,
Pepe Rosso Social,r506,173 Mott St_New York_ NY 10013_,7,2,4,,,,,,,,,,,
Pepolino Restaurant,r507,281 W Broadway_New York_ NY 10013_,7,3,4.5,,,,,,,,,,,
Per Se,r508,10 Columbus Cir_Fl 4_Time Warner Ctr_New York_ NY 10019_,6,4,4.5,,,,,,,,,,,
Perla Cafe,r509,234 W 4th St_New York_ NY 10014_,7,2,4.5,,,,,,,,,,,
Perrine,r510,2 E 61st St_New York_ NY 10065_,6;,3,4,,,,,,,,,,,
Persepolis,r511,1407 2nd Ave_New York_ NY 10021_,8; 7,2,4,,,,,,,,,,,
Petit Poulet,r512,52 W 33rd St_New York_ NY 10001_,6,2,4,,,,,,,,,,,
Petite Abeille,r513,44 W 17th St_New York_ NY 10011_,5,2,4,,,,,,,,,,,
Piacere,r514,351 Broome St_New York_ NY 10013_,14,2,4,,,,,,,,,,,
Piccola Cucina Osteria,r515,196 Spring St_New York_ NY 10012_,7,2,4,,,,,,,,,,,
Piccolo Cafe,r516,313 Amsterdam Ave_New York_ NY 10023_,7,2,3.5,,,,,,,,,,,
Pig and Khao,r517,68 Clinton St_New York_ NY 10002_,9,2,4,,,,,,,,,,,
Pil Pil,r518,265 E 78th St_New York_ NY 10075_,4; 5,2,4,,,,,,,,,,,
Pinto Garden,r519,117 W 10th St_New York_ NY 10011_,12,2,4,,,,,,,,,,,
Pio Pio 8,r520,604 10th Ave_New York_ NY 10036_,15,2,4,,,,,,,,,,,
Pio Pio 8,r521,604 10th Ave_New York_ NY 10036_,15,2,4,,,,,,,,,,,
Piora,r522,430 Hudson St_New York_ NY 10014_,2,4,4,,,,,,,,,,,
Pizzarte,r523,69 W 55th St_New York_ NY 10019_,7,2,4,,,,,,,,,,,
PMF Pardon My French,r524,103 Ave B_New York_ NY 10009_,6,2,4,,,,,,,,,,,
Point Pleasant Deli,r525,River Rd_New York_ NY 10044_,0,,,,,,,,,,,,,
Polpette,r526,483 Amsterdam Ave_New York_ NY 10024_,7,2,4,,,,,,,,,,,
Polpette 71,r527,71 West 71st St_New York_ NY 10023_,7,2,4,,,,,,,,,,,
Ponty Bistro,r528,218 3rd Ave_New York_ NY 10003_,6,2,4,,,,,,,,,,,
POST,r529,42 Ave B_New York_ NY 10009_,0; 4,2,4.5,,,,,,,,,,,
Pretto,r530,417 Amsterdam Ave_New York_ NY 10024_,7,2,4,,,,,,,,,,,
Public Kitchen,r531,215 Chrystie St_New York_ NY 10002_,2,2,4.5,,,,,,,,,,,
Pulperia 57th,r532,151 E 57th St_New York City_ NY 10022_,15; 3; 5,2,5,,,,,,,,,,,
Pulperia UES,r533,1626 2nd Ave_New York City_ NY 10028_,15; 3; 5,2,4,,,,,,,,,,,
Pure Green,r534,33 E 33rd St,7,2,4,,,,,,,,,,,
Pure Thai Cookhouse,r535,766 9th Ave_New York_ NY 10019_,12,2,4,,,,,,,,,,,
PuTawn Local Thai Kitchen,r536,1st Avenue ( 82 & 83 St)_1584_New York_ NY 10028_,12,2,4.5,,,,,,,,,,,
Quality Meats,r537,57 W 58th St_New York_ NY 10019_,3,4,4,,,,,,,,,,,
Quan Sushi,r538,375 Broome St,9,2,3.5,,,,,,,,,,,
Rabbit House,r539,76 Forsyth St_New York_ NY 10002_,9,2,4.5,,,,,,,,,,,
Raclette,r540,511 E 12th St_New York_ NY 10009_,6,2,4,,,,,,,,,,,
Rahi,r541,60 Greenwich Ave_New York_ NY 10011_,13,3,4.5,,,,,,,,,,,
Raines Law Room at the William,r542,The William_24 E 39th St_New York_ NY 10016_,5,2,4,,,,,,,,,,,
Raku,r543,342 E 6th St_New York_ NY 10003_,9,2,4.5,,,,,,,,,,,
Raku - It's Japanese II,r544,57 W 76th St_New York_ NY 10023_,9,2,4,,,,,,,,,,,
Ramen Ishida,r545,122 Ludlow St_New York_ NY 10002_,16,2,5,,,,,,,,,,,
Rancho Mateo,r546,9011 Palisade Ave_North Bergen_ NJ 07047_,15,2,4,,,,,,,,,,,
RARE View Rooftop Chelsea,r547,152 W 26th St_New York_ NY 10001_,5,2,3.5,,,,,,,,,,,
Ravagh Persian Grill,r548,1135 1st Ave_New York_ NY 10065_,8,2,4,,,,,,,,,,,
Raymi,r549,43 W 24th St_New York_ NY 10010_,15; 4,3,4,,,,,,,,,,,
Red Poke,r550,600 9th Ave_New York_ NY 10036_,3; 9,2,4.5,,,,,,,,,,,
Réunion,r551,357 W 44th St_New York_ NY 10036_,5,2,4,,,,,,,,,,,
Ricardo Steak House,r552,2145 2nd Ave_New York_ NY 10029_,3,3,4,,,,,,,,,,,
Riko Peruvian Cuisine,r553,409 8th Ave_New York_ NY 10001_,15; 3; 5,2,4,,,,,,,,,,,
Risotteria Melotti,r554,309 E 5th St_New York_ NY 10003_,7,2,4.5,,,,,,,,,,,
Ristorante Grifone,r555,244 E 46th St_New York_ NY 10017_,7,3,4,,,,,,,,,,,
Ristorante Morini,r556,1167 Madison Ave_New York_ NY 10028_,7,3,4,,,,,,,,,,,
Riverpark,r557,450 E 29th St_New York_ NY 10016_,2; 4,3,4,,,,,,,,,,,
Riverwalk Bar & Grill,r558,425 Main St_Roosevelt Island_ NY 10044_,0; 5,2,3.5,,,,,,,,,,,
Robata,r559,3636 Prince St_Flushing_ NY 11354_,9,3,4.5,,,,,,,,,,,
Robert,r560,2 Columbus Cir_Fl 9_New York_ NY 10019_,2; 4,3,4,,,,,,,,,,,
Rocket Pig,r561,463 W 24th St_New York_ NY 10001_,2,2,4.5,,,,,,,,,,,
Roof at Park South,r562,125 E 27th St_New York_ NY 10016_,5,3,3.5,,,,,,,,,,,
Root & Bone,r563,200 E 3rd St_New York_ NY 10009_,0,2,4,,,,,,,,,,,
Rubirosa,r564,235 Mulberry St_New York_ NY 10012_,7,2,4,,,,,,,,,,,
Ruby's Cafe,r565,219 Mulberry St_New York_ NY 10012_,4,2,4,,,,,,,,,,,
Ruby's- Murray Hill,r566,442 3rd Ave_New York_ NY 10016_,4,2,4,,,,,,,,,,,
Ruffian Wine Bar & Chef's Table,r567,125 E 7th St_New York_ NY 10009_,6; 5,2,5,,,,,,,,,,,
Rumba Cubana,r568,6909 J F Kennedy Blvd E_Guttenberg_ NJ 07093_,17; 5,2,4,,,,,,,,,,,
Saigon Shack ,r569,114 Macdougal St,9,1,4,,,,,,,,,,,
Sakagura,r570,211 E 43rd St_New York_ NY 10017_,9,3,4,,,,,,,,,,,
Sakanaya,r571,304 E 49th St_New York_ NY 10017_,9,4,4.5,,,,,,,,,,,
Sal Anthony's,r572,226 3rd Ave_New York_ NY 10003_,7,2,5,,,,,,,,,,,
Salt & Bone Smokehouse,r573,32-7 30th Ave_Astoria_ NY 11102_,5,2,3.5,,,,,,,,,,,
Samba Kitchen & Bar,r574,661 9th Ave_New York_ NY 10036_,5,2,4.5,,,,,,,,,,,
San Carlo Osteria Piemonte,r575,90 Thompson St_New York City_ NY 10012_,7,3,4.5,,,,,,,,,,,
San Marzano Pasta Fresca,r576,117 Second Ave_New York_ NY 10003_,7,1,4,,,,,,,,,,,
Sant Ambroeus,r577,1000 Madison Ave_New York_ NY 10021_,7,3,4,,,,,,,,,,,
Sauce & Barrel,r578,97 Washington St_New York_ NY 10006_,7; 5,2,4,,,,,,,,,,,
Saxon + Parole,r579,316 Bowery_New York_ NY 10012_,2; 5,3,4,,,,,,,,,,,
Scalini Fedeli,r580,165 Duane St_New York_ NY 10013_,7,4,4.5,,,,,,,,,,,
Scarpetta,r581,355 W 14th St_New York_ NY 10014_,7,3,4,,,,,,,,,,,
Seabird,r582,361 6th Ave_New York_ NY 10014_,3; 4,2,4,,,,,,,,,,,
Seamore's,r583,161 8th Ave_New York_ NY 10011_,3; 5,3,3.5,,,,,,,,,,,
Seamstress,r584,339 E 75th St_New York_ NY 10021_,2; 5,2,4,,,,,,,,,,,
Sean's Bar & Kitchen,r585,42 West 48th St_New York_ NY 10036_,2,2,4,,,,,,,,,,,
Sergimmo Salumeria,r586,456 9th Ave_New York_ NY 10018_,7,2,4,,,,,,,,,,,
Sevilla Restaurant,r587,62 Charles St_New York_ NY 10014_,19,2,4,,,,,,,,,,,
Shaking Crab,r588,2869 Broadway_New York_ NY 10025_,3,2,4.5,,,,,,,,,,,
Shalel Lounge,r589,65 W 70th St_New York_ NY 10023_,5,2,4,,,,,,,,,,,
Shanghai Asian Manor,r590,21 Mott St_New York_ NY 10013_,9,2,4,,,,,,,,,,,
Shay & Ivy,r591,39 W 24th St_New York_ NY 10010_,2; 4,3,4,,,,,,,,,,,
Shrine,r592,2271 Adam Clayton Powell Blvd_New York_ NY 10030_,5,2,4,,,,,,,,,,,
Siena,r593,1580 3rd Ave_New York_ NY 10128_,7,2,4.5,,,,,,,,,,,
Sir Harry's,r594,301 Park Ave_Waldorf Astoria_New York_ NY 10022_,5,3,3.5,,,,,,,,,,,
Sister Jane NYC,r595,349 E 13th St_New York_ NY 10003_,0; 5,2,4,,,,,,,,,,,
Smith and Mills,r596,71 N Moore St_New York_ NY 10013_,2,2,4,,,,,,,,,,,
Soba Noodle Azuma 55,r597,251 W 55th St_New York_ NY 10019_,9,2,4,,,,,,,,,,,
Soba Totto,r598,211 E 43rd St_New York_ NY 10017_,9,2,4,,,,,,,,,,,
Socarrat Paella Bar - Chelsea,r599,259 W 19th St_New York_ NY 10011_,19,3,4,,,,,,,,,,,
Society Cafe,r600,52 W 13th St_New York_ NY 10011_,2,3,4.5,,,,,,,,,,,
Sofia Wine Bar,r601,242 E 50th St_New York_ NY 10022_,7,2,4,,,,,,,,,,,
Soho Thai,r602,141 Grand St,12,2,3.5,,,,,,,,,,,
Sojourn,r603,244 E 79th St_New York_ NY 10075_,2,2,4,,,,,,,,,,,
Soju Haus,r604,315 5th Ave_Fl 2_New York_ NY 10016_,10,2,4,,,,,,,,,,,
Somm Time,r605,959 2nd Ave_New York_ NY 10022_,2; 4,2,4.5,,,,,,,,,,,
Sottosuolo NYC,r606,122 E 27th St_New York_ NY 10016_,7,2,4.5,,,,,,,,,,,
SOUTHGATE Bar & Restaurant,r607,154 Central Park S_JW Marriott Essex House New York_New York_ NY 10019_,2; 5,3,3.5,,,,,,,,,,,
Souvlaki GR,r608,162 W 56th St_New York_ NY 10019_,8,2,4,,,,,,,,,,,
Spaghetti Incident,r609,231 Eldridge St_New York_ NY 10002_,7,2,4,,,,,,,,,,,
Spice Symphony,r610,150 E 50th St_New York_ NY 10022_,9,2,4,,,,,,,,,,,
STATE Grill and Bar,r611,Empire State Building_350 5th Ave_New York_ NY 10118_,2,3,4,,,,,,,,,,,
STK Midtown,r612,1114 Avenue of the Americas_New York_ NY 10036_,2; 5,3,3.5,,,,,,,,,,,
Suffolk Arms,r613,269 Houston St_New York_ NY 10002_,5,2,4.5,,,,,,,,,,,
Sugar East,r614,1125 1st Ave_New York_ NY 10065_,2,2,4.5,,,,,,,,,,,
Sukhumvit 51,r615,224 E 51st St_New York_ NY 10022_,12,2,4,,,,,,,,,,,
Sunday in Brooklyn,r616,348 Wythe Ave_Brooklyn_ NY 11249_,2; 4,2,4,,,,,,,,,,,
Supper,r617,156 E 2nd St_New York_ NY 10009_,7,2,4,,,,,,,,,,,
Sushi By Bou,r618,353 W 14th St_New York_ NY 10014_,9,3,3.5,,,,,,,,,,,
Sushi Nakazawa,r619,23 Commerce St_New York_ NY 10014_,9,4,4.5,,,,,,,,,,,
Sushi Yasaka,r620,251 W 72nd St_New York_ NY 10023_,9,2,4,,,,,,,,,,,
Suspenders,r621,108 Greenwich St_New York_ NY 10006_,5,2,4.5,,,,,,,,,,,
Sutton Inn,r622,347 E 54th St_New York_ NY 10022_,2;,3,4,,,,,,,,,,,
Sweet Chick,r623,178 Ludlow St_New York_ NY 10002_,0,2,4,,,,,,,,,,,
Swine,r624,531 Hudson St_New York_ NY 10014_,2; 5,2,4,,,,,,,,,,,
Sylvia's Restaurant,r625,328 Malcolm X Blvd_New York_ NY 10027_,0,2,3.5,,,,,,,,,,,
Table d’Hôte,r626,44 E 92nd St_New York_ NY 10128_,6,2,4,,,,,,,,,,,
Tableside Italian Cook Shoppe,r627,345 E 6th St_New York_ NY 10003_,7,2,4.5,,,,,,,,,,,
Taboon,r628,773 10th Ave_New York_ NY 10019_,8,3,4,,,,,,,,,,,
Taboonette,r629,30 E 13th St_New York_ NY 10003_,2,2,4,,,,,,,,,,,
Take31,r630,15 E 31st St_New York_ NY 10016_,10,2,4,,,,,,,,,,,
Tanner Smiths,r631,204 W 55th St_New York_ NY 10019_,2; 4,2,4.5,,,,,,,,,,,
Taqueria Diana,r632,129 2nd Ave,11,1,4,,,,,,,,,,,
Tastings Social for Izakaya MB & Mountain Bird,r633,251 E 110th St_New York_ NY 10029_,6,3,4.5,,,,,,,,,,,
Tavern on Jane,r634,31 8th Ave_New York_ NY 10014_,2,2,4,,,,,,,,,,,
Tavern on the Green,r635,67 Central Park W_New York_ NY 10023_,2;,3,3,,,,,,,,,,,
Tavern29,r636,47 E 29th St_New York_ NY 10016_,2,2,4,,,,,,,,,,,
Tavola,r637,488 9th Ave_New York_ NY 10018_,7,2,4,,,,,,,,,,,
TEISUI,r638,246 5th Ave_New York_ NY 10001_,9,4,4.5,,,,,,,,,,,
Thai Market,r639,960 Amsterdam Ave_New York_ NY 10025_,12,2,4,,,,,,,,,,,
Thai Sliders,r640,108 John St_New York_ NY 10038_,12,2,4,,,,,,,,,,,
Thai Villa,r641,5 E 19th St_G Floor_New York_ NY 10003_,12,2,4.5,,,,,,,,,,,
The Auction House,r642,300 E 89th St_New York_ NY 10128_,5,2,4,,,,,,,,,,,
The Bar Room,r643,117 E 60th St_New York_ NY 10022_,2; 5,2,4,,,,,,,,,,,
The Belfry,r644,222 E 14th St_New York_ NY 10003_,5,2,4,,,,,,,,,,,
The Black Ant,r645,60 2nd Ave_New York_ NY 10003_,11; 5,2,4,,,,,,,,,,,
The Black Derby,r646,310 W 4th St_New York_ NY 10014_,2,2,4.5,,,,,,,,,,,
The Boil,r647,17 Waverly Pl_New York_ NY 10003_,3,2,4,,,,,,,,,,,
The Boil,r648,139 Chrystie St_New York_ NY 10002_,3; 5,2,4.5,,,,,,,,,,,
The Brazen Tavern,r649,356 W 44th St_New York_ NY 10036_,2,2,4.5,,,,,,,,,,,
The Burp Kitchen,r650,7000 Kennedy Blvd E_Lower level of Galaxy Mall_Guttenberg_ NJ 07093_,13,1,5,,,,,,,,,,,
The Cannibal Beer & Butcher,r651,113 E 29th St_New York_ NY 10016_,5; 0,2,4,,,,,,,,,,,
The Capital Grille,r652,120 W 51st St_New York_ NY 10020_,3; 5,3,4,,,,,,,,,,,
The Catalina,r653,675A 9th Ave_New York_ NY 10036_,5,2,4,,,,,,,,,,,
The Cellar,r654,900 Broadway_New York_ NY 10003_,2,2,4,,,,,,,,,,,
The Cliff,r655,38 Congress St_Jersey City_ NJ 07307_,4,2,4.5,,,,,,,,,,,
The Craftsman,r656,3155 Broadway_New York_ NY 10027_,5,2,4,,,,,,,,,,,
The Crow's Nest,r657,500 E 30th St_Water Club_New York_ NY 10016_,5,2,3.5,,,,,,,,,,,
The Cuban Restaurant and Bar,r658,333 Washington St_Hoboken_ NJ 07030_,17,3,4.5,,,,,,,,,,,
The Dead Poet,r659,450 Amsterdam Ave_New York_ NY 10024_,5,2,4,,,,,,,,,,,
The Eddy,r660,342 E 6th St_New York_ NY 10003_,2; 5,3,4.5,,,,,,,,,,,
The Fat Monk,r661,949 Columbus Ave_New York_ NY 10025_,5,2,4,,,,,,,,,,,
The Flying Cock Pub,r662,497 3rd Ave_New York_ NY 10016_,5; 4,2,4.5,,,,,,,,,,,
The Gander,r663,15 W 18th St_New York_ NY 10011_,2,3,3.5,,,,,,,,,,,
The Greek,r664,458 Greenwich St_New York_ NY 10013_,8,3,4.5,,,,,,,,,,,
The Greek Kitchen,r665,889 10th Ave_New York_ NY 10019_,8,2,4,,,,,,,,,,,
The Grey Dog,r666,244 Mulberry St_New York_ NY 10012_,2; 4,2,4,,,,,,,,,,,
The Grey Dog,r667,242 W 16th St_New York_ NY 10011_,0; 4,2,4,,,,,,,,,,,
The Growler Bites & Brews,r668,55 Stone St_New York_ NY 10004_,5,2,4,,,,,,,,,,,
The Guthrie Inn,r669,1259 Park Ave_New York_ NY 10029_,5,2,4.5,,,,,,,,,,,
The Hamilton,r670,998 Amsterdam Ave_New York_ NY 10025_,2; 5,2,4.5,,,,,,,,,,,
The Heath,r671,542 W 27th St_New York_ NY 10001_,5,3,4,,,,,,,,,,,
The Hideaway Seaport,r672,22 Peck Slip_New York_ NY 10038_,2; 5,2,4,,,,,,,,,,,
The Horny Ram,r673,951 2nd Ave_New York_ NY 10022_,2;,2,4,,,,,,,,,,,
The Marshal,r674,628 10th Ave_New York_ NY 10036_,2; 4,2,4,,,,,,,,,,,
The Meatball Shop,r675,200 9th Ave_New York_ NY 10011_,7,2,4,,,,,,,,,,,
The Meatball Shop,r676,798 9th Ave_New York_ NY 10019_,7,2,4,,,,,,,,,,,
The Meatball Shop,r677,84 Stanton St_New York_ NY 10002_,7,2,4,,,,,,,,,,,
The Mermaid Inn,r678,570 Amsterdam Ave_New York_ NY 10024_,3; 4,2,4,,,,,,,,,,,
The Milling Room,r679,446 Columbus Ave_New York_ NY 10024_,2; 5,3,4,,,,,,,,,,,
The Modern,r680,9 W 53rd St_New York_ NY 10019_,2,4,4,,,,,,,,,,,
The Modern - Bar Room,r681,9 W 53rd St_New York_ NY 10019_,6; 5,3,4,,,,,,,,,,,
The Musket Room,r682,265 Elizabeth St_New York_ NY 10012_,2; 5,3,4.5,,,,,,,,,,,
The NoMad Restaurant,r683,1170 Broadway_New York_ NY 10001_,2; 5,3,4,,,,,,,,,,,
The Nuaa,r684,1122 1st Ave_New York_ NY 10065_,12,2,4,,,,,,,,,,,
The Park,r685,118 10th Ave_New York_ NY 10011_,2;,2,3,,,,,,,,,,,
The Parlour at The Roger Hotel,r686,131 Madison Ave_New York_ NY 10016_,2; 5,2,4.5,,,,,,,,,,,
The Penrose,r687,1590 2nd Ave_New York_ NY 10028_,5,2,4,,,,,,,,,,,
The PokéSpot,r688,120 4th Ave,3,2,4,,,,,,,,,,,
The Polo Bar,r689,1 E 55th St_Ralph Lauren_New York_ NY 10022_,0; 5,3,4,,,,,,,,,,,
The Red Cat,r690,227 10th Ave_New York_ NY 10011_,2; 4,3,4,,,,,,,,,,,
The Ribbon,r691,20 W 72nd St_New York_ NY 10023_,2,3,3.5,,,,,,,,,,,
The Royal Munkey,r692,438 2nd Ave_New York_ NY 10010_,13,3,4.5,,,,,,,,,,,
The Sea Fire Grill,r693,158 E 48th St_New York_ NY 10017_,3; 5,3,4.5,,,,,,,,,,,
The Shadmoor,r694,1066 2nd Ave_New York_ NY 10022_,3,2,4,,,,,,,,,,,
The Smith,r695,1150 Broadway_New York_ NY 10010_,2; 4,2,4,,,,,,,,,,,
The Smith,r696,956 2nd Ave_New York_ NY 10022_,0,2,4,,,,,,,,,,,
The Spaniard,r697,190 W 4th St_New York_ NY 10014_,2,2,4,,,,,,,,,,,
The Spotted Dog,r698,1154 1st Ave_New York_ NY 10065_,0,2,4.5,,,,,,,,,,,
The Top of The Standard,r699,848 Washington St_New York_ NY 10014_,5,4,3.5,,,,,,,,,,,
The Tuck Room,r700,11 Fulton St_New York_ NY 10038_,2,3,4.5,,,,,,,,,,,
The Upsider,r701,1004 2nd Ave_New York_ NY 10022_,2; 4; 5,2,3.5,,,,,,,,,,,
The Wayland,r702,700 E 9th St_New York_ NY 10009_,5,2,4.5,,,,,,,,,,,
The Waylon,r703,736 10th Ave_New York_ NY 10019_,5,2,4.5,,,,,,,,,,,
The Wild Son,r704,53 Little W 12th St_New York_ NY 10014_,2; 4,2,4.5,,,,,,,,,,,
Thursday Kitchen,r705,424 E 9th St_New York_ NY 10009_,2,2,4.5,,,,,,,,,,,
Tia Pol,r706,205 10th Ave_New York_ NY 10011_,19,3,4,,,,,,,,,,,
Tiella,r707,1109 1st Ave_New York_ NY 10065_,7,3,4.5,,,,,,,,,,,
Tocqueville Restaurant,r708,1 E 15th St_New York_ NY 10003_,6;,4,4,,,,,,,,,,,
Toloache,r709,166 E 82nd St_New York_ NY 10028_,2,3,4,,,,,,,,,,,
Toloache,r710,251 W 50th St_New York_ NY 10019_,11,3,4,,,,,,,,,,,
Tommy Bahama Restaurant | Bar | Store - New York,r711,551 5th Ave_New York_ NY 10176_,3,3,4,,,,,,,,,,,
Topaz Noodle Bar,r712,129 W 56th St_New York_ NY 10019_,12,2,4,,,,,,,,,,,
Trademark Taste & Grind,r713,38 W 36th St_New York_ NY 10018_,2;,2,4.5,,,,,,,,,,,
Trading Post,r714,170 John St_New York_ NY 10038_,0; 5,2,4,,,,,,,,,,,
Trattoria Belvedere,r715,165 Lexington Ave_New York_ NY 10016_,7,2,4.5,,,,,,,,,,,
Trattoria Dell'Arte,r716,900 7th Ave_New York_ NY 10019_,7,3,4,,,,,,,,,,,
Trattoria Trecolori,r717,254 W 47th St_New York_ NY 10036_,7,2,4,,,,,,,,,,,
Treehaus Mima,r718,470 W 42nd St_New York_ NY 10036_,2; 5,2,4,,,,,,,,,,,
Tribeca's Kitchen,r719,200 Church St_New York_ NY 10013_,2; 4,2,4,,,,,,,,,,,
Troquet,r720,155 Grand St_New York_ NY 10013_,6; 5,3,4.5,,,,,,,,,,,
Trouble's Trust,r721,455 Madison Ave_New York_ NY 10022_,5,3,4,,,,,,,,,,,
Tsurutontan Udon Noodle Brasserie,r722,21 E 16th St_New York_ NY 10003_,9,2,4,,,,,,,,,,,
Tuome,r723,536 E 5th St_New York_ NY 10009_,1;,3,4,,,,,,,,,,,
Turntable 5060,r724,235 E 4th St_New York_ NY 10009_,2,2,4,,,,,,,,,,,
Two Hands Restaurant & Bar,r725,251 Church St_New York_ NY 10013_,5,2,4,,,,,,,,,,,
U-gu,r726,541 Myrtle Ave_Brooklyn_ NY 11205_,9,2,5,,,,,,,,,,,
Udon West,r727,150 E 46th St_New York_ NY 10017_,9,2,4,,,,,,,,,,,
Ugly Kitchen,r728,103 1st Ave_New York_ NY 10003_,9; 5,2,4,,,,,,,,,,,
Union Bar & Kitchen,r729,300 Spring St_New York_ NY 10013_,2; 0,2,4.5,,,,,,,,,,,
Union Square Cafe,r730,101 E 19th St_New York_ NY 10003_,2; 5,3,4,,,,,,,,,,,
Unions Fare,r731,6 E 18th St,2,3,3.5,,,,,,,,,,,
Up Thai,r732,1411 2nd Ave_New York_ NY 10021_,12,2,4.5,,,,,,,,,,,
Upland,r733,345 Park Ave S_New York_ NY 10010_,2,3,4,,,,,,,,,,,
Upstairs at 21,r734,21 W 52nd St_New York_ NY 10019_,2,4,4.5,,,,,,,,,,,
Upstate,r735,95 1st Ave_New York_ NY 10003_,3,2,4.5,,,,,,,,,,,
Uva,r736,1486 2nd Ave_New York_ NY 10075_,7,2,4,,,,,,,,,,,
Vago Restaurant,r737,509 3rd Ave_New York_ NY 10016_,7,2,4,,,,,,,,,,,
Vai Restaurant,r738,429 Amsterdam Ave_New York_ NY 10024_,7,3,4,,,,,,,,,,,
Vanguard Wine Bar,r739,189 Amsterdam Ave_New York_ NY 10023_,5,2,4.5,,,,,,,,,,,
VBar Seaport,r740,212 Front St_New York_ NY 10038_,8,2,4,,,,,,,,,,,
Via Emilia,r741,47 E 21st St_New York_ NY 10010_,7,2,4,,,,,,,,,,,
Via Quadronno,r742,25 E 73rd St_New York_ NY 10021_,7,2,4,,,,,,,,,,,
Vic's,r743,31 Great Jones St_New York_ NY 10012_,7,2,4,,,,,,,,,,,
Victor's Cafe,r744,236 W 52nd St_New York_ NY 10019_,17; 5,3,4,,,,,,,,,,,
View of the World Terrace Club,r745,144 Washington St_New York_ NY 10006_,2; 5,2,4,,,,,,,,,,,
Villanelle,r746,15 E 12th St_New York_ NY 10003_,3; 2,3,4.5,,,,,,,,,,,
Vin et Fleurs,r747,69 Thompson St_New York_ NY 10012_,6; 5,2,4,,,,,,,,,,,
Vin Sur Vingt,r748,66 W 84th St_New York_ NY 10024_,5,2,4.5,,,,,,,,,,,
Vinateria,r749,2211 Frederick Douglass Blvd_New York_ NY 10026_,7,2,4,,,,,,,,,,,
Vino Levantino,r750,210 W 94th St_New York_ NY 10025_,8,2,4,,,,,,,,,,,
Vintry Wine and Whiskey,r751,57 Stone St_New York_ NY 10004_,5,3,4,,,,,,,,,,,
Vinus and Marc,r752,1825 2nd Ave_New York_ NY 10128_,2,2,4,,,,,,,,,,,
Virginia's,r753,647 E 11th St_New York_ NY 10009_,2,3,4.5,,,,,,,,,,,
Vitae,r754,4 E 46th St_New York_ NY 10017_,2; 5,3,4,,,,,,,,,,,
Vivolo Restaurant,r755,140 E 74th St_New York_ NY 10021_,7,2,4,,,,,,,,,,,
Wajima Japanese Restaurant,r756,134 E 61st St_New York_ NY 10021_,9,2,4,,,,,,,,,,,
Wall 88 Restaurant,r757,104 2nd Ave_New York_ NY 10003_,2; 5,2,4.5,,,,,,,,,,,
Wallflower,r758,235 W 12th St_New York_ NY 10014_,2,3,4.5,,,,,,,,,,,
Westville - East,r759,173 Ave A_New York_ NY 10009_,0; 5,2,4,,,,,,,,,,,
Westville - West,r760,210 W 10th St_New York_ NY 10014_,0; 7,2,4,,,,,,,,,,,
Westville Chelsea,r761,246 W 18th St_New York_ NY 10011_,2; 4,2,4,,,,,,,,,,,
While We Were Young,r762,183 W 10th St_New York_ NY 10014_,2; 5,3,4,,,,,,,,,,,
White Gold Butchers,r763,375 Amsterdam Ave_New York_ NY 10024_,4,2,3.5,,,,,,,,,,,
White Oak Oyster Bar & Cocktail Lounge,r764,818 10th Ave_New York_ NY 10019_,2,2,4,,,,,,,,,,,
White Oak Tavern,r765,21 Waverly Pl_New York_ NY 10003_,5,2,4,,,,,,,,,,,
Whitman & Bloom,r766,384 3rd Ave_New York_ NY 10016_,2; 5,2,4,,,,,,,,,,,
Whitmans Hudson Yards,r767,331 10th Ave_New York_ NY 10001_,2,2,4,,,,,,,,,,,
Wichcraft,r768,1407 Broadway_New York_ NY 10018_,4; 7,,,,,,,,,,,,,
Wildair,r769,142 Orchard St_New York_ NY 10002_,2,3,4,,,,,,,,,,,
Workshop,r770,1415 2nd Ave_New York_ NY 10021_,5,2,5,,,,,,,,,,,
X Bar Bistro,r771,316 East 84th St_New York_ NY 10028_,6; 5,3,4.5,,,,,,,,,,,
Xi'an Famous Foods,r772,45 Bayard St_New York_ NY 10013_,1,1,4,,,,,,,,,,,
Xi'an Famous Foods,r773,328 E 78th St_New York_ NY 10075_,1,1,4,,,,,,,,,,,
Xi'an Famous Foods,r774,14 E 34th St_New York_ NY 10016_,1,1,4,,,,,,,,,,,
Yakiniku Futago,r775,37 W 17th St_New York_ NY 10011_,18,3,4.5,,,,,,,,,,,
Yakitori Totto,r776,251 W 55th St_Fl 2_New York_ NY 10019_,18,3,4,,,,,,,,,,,
Yves,r777,385 Greenwich St_New York_ NY 10013_,2,3,4,,,,,,,,,,,
Zagara Restaurant and Wine Bar,r778,216 7th Ave_New York_ NY 10011_,7,2,4,,,,,,,,,,,
Zero Otto Nove,r779,15 W 21st St_New York_ NY 10010_,7,2,4,,,,,,,,,,,
Zest Szechuan,r780,45 W 39th St,9,2,4,,,,,,,,,,,
Zia Maria,r781,318 W 23rd St_New York_ NY 10011_,7,2,4,,,,,,,,,,,
Zurutto Ramen & Gyoza Bar,r782,142 W 72nd St_New York_ NY 10023_,16; 5,2,4,,,,,,,,,,,
ZZ's Clam Bar,r783,169 Thompson St_New York_ NY 10012_,3; 5,4,4.5,,,,,,,,,,,